Heart Rate,Respiratory Rate,Body Temperature,Oxygen Saturation,Systolic Blood Pressure,Diastolic Blood Pressure,Age,Gender,Weight (kg),Height (m),Risk Category
95,12,37.30042801205132,95.07220488624574,134,78,28,Female,58.227060142529126,1.6007617491276769,High Risk
82,13,36.10179734758202,97.35404232180416,123,70,39,Female,88.6411060714261,1.756230646379327,Low Risk
87,12,36.2807153861017,96.44156713806107,112,78,47,Male,70.52372847155922,1.9417640744302973,Low Risk
74,18,37.20008582399564,95.63440878803225,135,86,82,Male,86.56503236415242,1.549998334300003,High Risk
